{
  "update": "2024-12-10 05:12:37",
  "🇦🇪": {
    "locations": {
      "state1049": {
        "name": "Abu Dhabi",
        "stores": {
          "R595": "Yas Mall",
          "R706": "Al Maryah Island",
          "R785": "Al Ain-UAE"
        }
      },
      "state1051": {
        "name": "Dubai",
        "stores": {
          "R596": "Mall of the Emirates",
          "R597": "Dubai Mall"
        }
      }
    },
    "positions": {
      "managed": {
        "114438216": "uae-business-expert",
        "114438217": "uae-creative",
        "114438218": "uae-expert",
        "114438219": "uae-genius",
        "114438220": "uae-operations-expert",
        "114438224": "uae-technical-specialist",
        "114438225": "uae-specialist",
        "200125467": "ae-business-pro"
      },
      "standalone": {}
    }
  },
  "🇦🇹": {
    "locations": {
      "state39": {
        "name": "Vienna",
        "stores": {
          "R687": "Kärntner Straße"
        }
      }
    },
    "positions": {
      "managed": {
        "114438331": "at-business-expert-m-f-d",
        "114438332": "at-creative-m-f-d",
        "114438333": "at-expert-m-f-d",
        "114438334": "at-genius-m-f-d",
        "114438335": "at-operations-expert-m-f-d",
        "114438339": "at-technical-specialist-m-f-d",
        "114438340": "at-specialist-m-f-d",
        "200125465": "at-business-pro-m-f-d"
      },
      "standalone": {}
    }
  },
  "🇦🇺": {
    "locations": {
      "state40": {
        "name": "Australian Capital Territory",
        "stores": {
          "R483": "Canberra"
        }
      },
      "state41": {
        "name": "New South Wales",
        "stores": {
          "R238": "Sydney",
          "R253": "Chatswood Chase",
          "R254": "Bondi",
          "R344": "Castle Towers",
          "R385": "Charlestown",
          "R440": "Penrith",
          "R458": "Hornsby",
          "R523": "Broadway",
          "R606": "Miranda"
        }
      },
      "state43": {
        "name": "Queensland",
        "stores": {
          "R351": "Robina",
          "R384": "Chermside",
          "R466": "Brisbane",
          "R509": "Carindale"
        }
      },
      "state44": {
        "name": "South Australia",
        "stores": {
          "R405": "Rundle Place"
        }
      },
      "state46": {
        "name": "Victoria",
        "stores": {
          "R180": "Chadstone",
          "R342": "Doncaster",
          "R343": "Southland",
          "R504": "Highpoint",
          "R530": "Fountain Gate"
        }
      },
      "state47": {
        "name": "Western Australia",
        "stores": {
          "R386": "Perth City",
          "R508": "Booragoon"
        }
      }
    },
    "positions": {
      "managed": {
        "114437988": "au-manager",
        "114437991": "au-specialist-full-time-or-part-time-permanent-or-temporary",
        "114438252": "au-senior-manager"
      },
      "standalone": {}
    }
  },
  "🇧🇪": {
    "locations": {
      "state1139": {
        "name": "Brussels-Capital Region",
        "stores": {
          "R486": "Brussels"
        }
      }
    },
    "positions": {
      "managed": {
        "114438242": "be-business-expert",
        "114438243": "be-creative",
        "114438244": "be-expert",
        "114438245": "be-genius",
        "114438250": "be-technical-specialist",
        "114438251": "be-specialist-full-time-part-time-and-part-time-temporary",
        "200125384": "be-business-pro"
      },
      "standalone": {}
    }
  },
  "🇧🇷": {
    "locations": {
      "state88": {
        "name": "Rio de Janeiro",
        "stores": {
          "R567": "VillageMall"
        }
      },
      "state95": {
        "name": "Sao Paulo",
        "stores": {
          "R608": "Morumbi"
        }
      }
    },
    "positions": {
      "managed": {
        "114438175": "br-business-expert",
        "114438176": "br-specialist",
        "114438177": "br-expert",
        "114438178": "br-genius",
        "114438179": "br-creative",
        "114438180": "br-operations-expert",
        "200125322": "br-business-pro"
      },
      "standalone": {}
    }
  },
  "🇨🇦": {
    "locations": {
      "state110": {
        "name": "Alberta",
        "stores": {
          "R209": "Chinook Centre",
          "R273": "West Edmonton",
          "R301": "Market Mall",
          "R411": "Southgate Centre"
        }
      },
      "state111": {
        "name": "British Columbia",
        "stores": {
          "R280": "Pacific Centre",
          "R421": "Richmond Centre",
          "R460": "Metrotown",
          "R488": "Coquitlam Centre",
          "R601": "Guildford Town Centre"
        }
      },
      "state112": {
        "name": "Manitoba",
        "stores": {
          "R369": "Polo Park"
        }
      },
      "state115": {
        "name": "Nova Scotia",
        "stores": {
          "R514": "Halifax Shopping Centre"
        }
      },
      "state117": {
        "name": "Ontario",
        "stores": {
          "R120": "Yorkdale",
          "R121": "Eaton Centre",
          "R208": "Sherway Gardens",
          "R332": "Rideau",
          "R333": "Fairview",
          "R350": "Square One",
          "R429": "Upper Canada Mall",
          "R447": "Mapleview Centre",
          "R464": "Conestoga",
          "R489": "Masonville",
          "R490": "Bayshore Shopping Centre",
          "R515": "Markville Shopping Centre"
        }
      },
      "state119": {
        "name": "Quebec",
        "stores": {
          "R207": "Carrefour Laval",
          "R248": "Sainte-Catherine",
          "R392": "Fairview Pointe-Claire",
          "R412": "Place Ste-Foy",
          "R512": "DIX30"
        }
      }
    },
    "positions": {
      "managed": {
        "114437994": "ca-business-expert",
        "114437995": "ca-creative",
        "114437996": "ca-expert",
        "114437997": "ca-genius",
        "114437998": "ca-operations-expert",
        "114438004": "ca-specialist-full-time-part-time-and-part-time-temporary",
        "114438200": "ca-technical-specialist",
        "200125332": "ca-business-pro"
      },
      "standalone": {}
    }
  },
  "🇨🇭": {
    "locations": {
      "state131": {
        "name": "Basel-Stadt",
        "stores": {
          "R439": "Freie Strasse"
        }
      },
      "state133": {
        "name": "Geneva",
        "stores": {
          "R275": "Rue de Rive"
        }
      },
      "state151": {
        "name": "Zurich",
        "stores": {
          "R159": "Bahnhofstrasse",
          "R309": "Glattzentrum"
        }
      }
    },
    "positions": {
      "managed": {
        "114438007": "ch-business-expert-m-f-d",
        "114438008": "ch-creative-m-f-d",
        "114438009": "ch-expert-m-f-d",
        "114438010": "ch-genius-m-f-d",
        "114438011": "ch-operations-expert-m-f-d",
        "114438017": "ch-specialist-m-f-d",
        "114438204": "ch-technical-specialist-m-f-d",
        "200125441": "ch-business-pro-m-f-d"
      },
      "standalone": {}
    }
  },
  "🇨🇳": {
    "locations": {
      "state1058": {
        "name": "Chongqing",
        "stores": {
          "R476": "Paradise Walk Chongqing",
          "R480": "Jiefangbei",
          "R573": "MixC Chongqing"
        }
      },
      "state156": {
        "name": "Beijing",
        "stores": {
          "R320": "Sanlitun",
          "R388": "Xidan Joy City",
          "R448": "Wangfujing",
          "R479": "China Central Mall",
          "R645": "Chaoyang Joy City"
        }
      },
      "state157": {
        "name": "Shanghai",
        "stores": {
          "R359": "Nanjing East",
          "R389": "Pudong",
          "R390": "Hong Kong Plaza",
          "R401": "Shanghai iapm",
          "R581": "Wujiaochang",
          "R678": "Jing’an",
          "R683": "Global Harbor",
          "R705": "Qibao"
        }
      },
      "state158": {
        "name": "Tianjin",
        "stores": {
          "R579": "Riverside 66 Tianjin",
          "R637": "Tianjin Joy City",
          "R638": "MixC Tianjin"
        }
      },
      "state162": {
        "name": "Liaoning",
        "stores": {
          "R478": "Parkland",
          "R534": "Zhongjie Joy City",
          "R576": "MixC Shenyang",
          "R609": "Olympia 66 Dalian"
        }
      },
      "state165": {
        "name": "Jiangsu",
        "stores": {
          "R493": "Nanjing IST",
          "R574": "Center 66 Wuxi",
          "R643": "Wonder City",
          "R688": "Suzhou",
          "R703": "Xuanwu Lake"
        }
      },
      "state166": {
        "name": "Anhui",
        "stores": {
          "R765": "Hefei-CN"
        }
      },
      "state167": {
        "name": "Shandong",
        "stores": {
          "R557": "MixC Qingdao",
          "R648": "Parc 66 Jinan"
        }
      },
      "state168": {
        "name": "Zhejiang",
        "stores": {
          "R471": "West Lake",
          "R531": "Tianyi Square",
          "R532": "MixC Hangzhou",
          "R766": "MixC Wenzhou"
        }
      },
      "state170": {
        "name": "Fujian",
        "stores": {
          "R644": "Xiamen Lifestyle Center",
          "R646": "Tahoe Plaza"
        }
      },
      "state171": {
        "name": "Hunan",
        "stores": {
          "R617": "Changsha"
        }
      },
      "state172": {
        "name": "Hubei",
        "stores": {
          "R575": "Wuhan"
        }
      },
      "state173": {
        "name": "Henan",
        "stores": {
          "R572": "MixC Zhengzhou"
        }
      },
      "state174": {
        "name": "Guangdong",
        "stores": {
          "R484": "Holiday Plaza Shenzhen",
          "R577": "Parc Central",
          "R639": "Zhujiang New Town",
          "R761": "MixC Shenzhen",
          "R793": "Shenzhen-CN"
        }
      },
      "state176": {
        "name": "Guangxi",
        "stores": {
          "R571": "MixC Nanning"
        }
      },
      "state178": {
        "name": "Sichuan",
        "stores": {
          "R502": "MixC Chengdu",
          "R580": "Taikoo Li Chengdu"
        }
      },
      "state179": {
        "name": "Yunnan",
        "stores": {
          "R670": "Kunming"
        }
      }
    },
    "positions": {
      "managed": {
        "114438021": "cn-creative",
        "114438022": "cn-expert",
        "114438023": "cn-genius",
        "114438024": "cn-operations-expert",
        "114438027": "cn-manager",
        "114438029": "cn-store-leader",
        "114438030": "cn-specialist-full-time-and-part-time",
        "114438189": "cn-technical-specialist",
        "114438255": "cn-senior-manager",
        "200125389": "cn-business-pro"
      },
      "standalone": {}
    }
  },
  "🇩🇪": {
    "locations": {
      "state211": {
        "name": "Hamburg",
        "stores": {
          "R366": "Alstertal",
          "R396": "Jungfernstieg"
        }
      },
      "state212": {
        "name": "Lower Saxony-Niedersachsen",
        "stores": {
          "R455": "Hannover"
        }
      },
      "state214": {
        "name": "North Rhine-Westphalia",
        "stores": {
          "R331": "Düsseldorf",
          "R403": "CentrO",
          "R520": "Rhein Center",
          "R559": "Schildergasse"
        }
      },
      "state215": {
        "name": "Hesse",
        "stores": {
          "R352": "Grosse Bockenheimer Strasse",
          "R434": "MTZ"
        }
      },
      "state217": {
        "name": "Baden-Wurttemberg",
        "stores": {
          "R519": "Sindelfingen"
        }
      },
      "state218": {
        "name": "Bavaria-Bayern",
        "stores": {
          "R045": "Rosenstrasse",
          "R431": "City-Galerie",
          "R521": "OEZ"
        }
      },
      "state220": {
        "name": "Berlin",
        "stores": {
          "R358": "Kurfürstendamm",
          "R443": "Rosenthaler Strasse"
        }
      },
      "state223": {
        "name": "Saxony-Sachsen",
        "stores": {
          "R430": "Altmarkt-Galerie"
        }
      }
    },
    "positions": {
      "managed": {
        "114438033": "de-business-expert-m-f-d",
        "114438034": "de-creative-m-f-d",
        "114438035": "de-expert-m-f-d",
        "114438036": "de-genius-m-f-d",
        "114438037": "de-operations-expert-m-f-d",
        "114438043": "de-specialist-m-f-d",
        "114438207": "de-technical-specialist-m-f-d",
        "200125393": "de-business-pro-m-f-d"
      },
      "standalone": {}
    }
  },
  "🇪🇸": {
    "locations": {
      "state242": {
        "name": "Barcelona",
        "stores": {
          "R368": "Passeig de Gracia",
          "R406": "La Maquinista"
        }
      },
      "state262": {
        "name": "Madrid",
        "stores": {
          "R397": "Xanadu",
          "R435": "Gran Plaza 2",
          "R436": "Parquesur",
          "R450": "Puerta del Sol",
          "R624": "La Vaguada"
        }
      },
      "state263": {
        "name": "Malaga",
        "stores": {
          "R468": "La Canada"
        }
      },
      "state264": {
        "name": "Murcia",
        "stores": {
          "R507": "Nueva Condomina"
        }
      },
      "state280": {
        "name": "Valencia",
        "stores": {
          "R419": "Valencia"
        }
      },
      "state281": {
        "name": "Valladolid",
        "stores": {
          "R538": "Rio Shopping"
        }
      },
      "state284": {
        "name": "Zaragoza",
        "stores": {
          "R377": "Puerto Venecia"
        }
      }
    },
    "positions": {
      "managed": {
        "114438046": "es-business-expert",
        "114438047": "es-creative",
        "114438048": "es-expert",
        "114438049": "es-genius",
        "114438050": "es-operations-expert",
        "114438056": "es-specialist-full-time-part-time-and-part-time-temporary",
        "114438212": "es-technical-specialist-full-time-part-time-and-part-time-temporary",
        "200125431": "es-business-pro"
      },
      "standalone": {}
    }
  },
  "🇫🇷": {
    "locations": {
      "state1030": {
        "name": "Cote-d'Or",
        "stores": {
          "R522": "La Toison d'Or"
        }
      },
      "state295": {
        "name": "Alpes-Maritimes",
        "stores": {
          "R395": "CAP 3000"
        }
      },
      "state302": {
        "name": "Bouches-du-Rhone",
        "stores": {
          "R357": "Marseille",
          "R477": "Aix-en-Provence"
        }
      },
      "state321": {
        "name": "Gironde",
        "stores": {
          "R424": "Sainte-Catherine"
        }
      },
      "state322": {
        "name": "Herault",
        "stores": {
          "R367": "Odysseum"
        }
      },
      "state332": {
        "name": "Loire-Atlantique",
        "stores": {
          "R470": "Atlantis"
        }
      },
      "state347": {
        "name": "Nord",
        "stores": {
          "R376": "Lille"
        }
      },
      "state355": {
        "name": "Bas-Rhin",
        "stores": {
          "R394": "Strasbourg"
        }
      },
      "state357": {
        "name": "Rhone",
        "stores": {
          "R373": "Part-Dieu",
          "R469": "Confluence"
        }
      },
      "state363": {
        "name": "Paris Region",
        "stores": {
          "R277": "Opéra",
          "R566": "Marché Saint-Germain",
          "R675": "Champs Élysées"
        }
      },
      "state365": {
        "name": "Seine-et-Marne",
        "stores": {
          "R425": "Val d'Europe",
          "R438": "Carre Senart"
        }
      },
      "state366": {
        "name": "Yvelines",
        "stores": {
          "R315": "Velizy 2",
          "R374": "Parly 2"
        }
      },
      "state380": {
        "name": "Hauts-de-Seine",
        "stores": {
          "R178": "Les Quatre Temps"
        }
      },
      "state381": {
        "name": "Seine-Saint-Denis",
        "stores": {
          "R536": "Rosny 2"
        }
      }
    },
    "positions": {
      "managed": {
        "114438059": "fr-business-expert",
        "114438060": "fr-creative",
        "114438061": "fr-expert",
        "114438062": "fr-genius",
        "114438063": "fr-operations-expert",
        "114438069": "fr-specialist",
        "114438206": "fr-technical-specialist",
        "200125391": "fr-business-pro"
      },
      "standalone": {}
    }
  },
  "🇬🇧": {
    "locations": {
      "state1043": {
        "name": "Scotland",
        "stores": {
          "R135": "Glasgow",
          "R328": "Edinburgh",
          "R340": "Braehead",
          "R363": "Union Square"
        }
      },
      "state1048": {
        "name": "East Midlands",
        "stores": {
          "R308": "Highcross"
        }
      },
      "state1056": {
        "name": "Northern Ireland",
        "stores": {
          "R313": "Belfast"
        }
      },
      "state1057": {
        "name": "Bristol",
        "stores": {
          "R252": "Bristol",
          "R393": "Cribbs Causeway"
        }
      },
      "state1070": {
        "name": "East Sussex",
        "stores": {
          "R244": "Churchill Square"
        }
      },
      "state1071": {
        "name": "Wales",
        "stores": {
          "R334": "Cardiff"
        }
      },
      "state399": {
        "name": "Berkshire",
        "stores": {
          "R176": "The Oracle"
        }
      },
      "state401": {
        "name": "Buckinghamshire",
        "stores": {
          "R269": "Milton Keynes"
        }
      },
      "state402": {
        "name": "Cambridgeshire",
        "stores": {
          "R270": "Grand Arcade"
        }
      },
      "state414": {
        "name": "Devon",
        "stores": {
          "R279": "Princesshay",
          "R545": "Plymouth"
        }
      },
      "state416": {
        "name": "Essex",
        "stores": {
          "R242": "Lakeside"
        }
      },
      "state420": {
        "name": "Greater Manchester",
        "stores": {
          "R136": "Trafford Centre",
          "R215": "Manchester Arndale"
        }
      },
      "state424": {
        "name": "Hampshire",
        "stores": {
          "R174": "Southampton",
          "R482": "Festival Place"
        }
      },
      "state426": {
        "name": "Hertfordshire",
        "stores": {
          "R527": "Watford"
        }
      },
      "state431": {
        "name": "Kent",
        "stores": {
          "R113": "Bluewater"
        }
      },
      "state436": {
        "name": "Greater London",
        "stores": {
          "R092": "Regent Street",
          "R163": "Brent Cross",
          "R226": "White City",
          "R227": "Bentall Centre",
          "R245": "Covent Garden",
          "R329": "Brompton Road",
          "R410": "Stratford City",
          "R496": "Bromley",
          "R762": "Battersea"
        }
      },
      "state439": {
        "name": "Merseyside",
        "stores": {
          "R239": "Liverpool"
        }
      },
      "state441": {
        "name": "Norfolk",
        "stores": {
          "R391": "Norwich"
        }
      },
      "state443": {
        "name": "Northumberland",
        "stores": {
          "R341": "Eldon Square"
        }
      },
      "state450": {
        "name": "Somerset",
        "stores": {
          "R335": "Southgate"
        }
      },
      "state456": {
        "name": "Tyne and Wear",
        "stores": {
          "R423": "Metrocentre"
        }
      },
      "state461": {
        "name": "West Midlands",
        "stores": {
          "R118": "Birmingham",
          "R255": "Touchwood Centre"
        }
      },
      "state465": {
        "name": "South Yorkshire",
        "stores": {
          "R153": "Meadowhall"
        }
      },
      "state466": {
        "name": "West Yorkshire",
        "stores": {
          "R372": "Trinity Leeds"
        }
      }
    },
    "positions": {
      "managed": {
        "114438135": "uk-business-expert",
        "114438136": "uk-creative",
        "114438137": "uk-expert",
        "114438138": "uk-genius",
        "114438145": "uk-specialist-full-time-part-time-and-part-time-temporary",
        "114438202": "uk-technical-specialist",
        "200125450": "uk-business-pro"
      },
      "standalone": {}
    }
  },
  "🇭🇰": {
    "locations": {
      "state492": {
        "name": "Hong Kong Region",
        "stores": {
          "R409": "Causeway Bay",
          "R428": "ifc mall",
          "R485": "Festival Walk",
          "R499": "Canton Road",
          "R610": "New Town Plaza",
          "R673": "apm Hong Kong"
        }
      }
    },
    "positions": {
      "managed": {
        "114438072": "hk-business-expert",
        "114438073": "hk-creative",
        "114438074": "hk-expert",
        "114438075": "hk-genius",
        "114438076": "hk-operations-expert",
        "114438079": "hk-manager",
        "114438082": "hk-specialist-full-time-and-part-time",
        "114438208": "hk-technical-specialist",
        "200125406": "hk-business-pro"
      },
      "standalone": {}
    }
  },
  "🇮🇳": {
    "locations": {
      "state1067": {
        "name": "Delhi",
        "stores": {
          "R756": "Saket",
          "R787": "Delhi-IN"
        }
      },
      "state1159": {
        "name": "Maharashtra",
        "stores": {
          "R744": "BKC",
          "R757": "Mumbai-IN",
          "R788": "Pune-IN"
        }
      },
      "state1205": {
        "name": "Karnataka",
        "stores": {
          "R790": "Bangalore-IN"
        }
      }
    },
    "positions": {
      "managed": {
        "200313970": "in-business-expert",
        "200313991": "in-creative",
        "200314003": "in-business-pro",
        "200314010": "in-expert",
        "200314015": "in-genius",
        "200314033": "in-operations-expert",
        "200314117": "in-specialist",
        "200314122": "in-technical-specialist"
      },
      "standalone": {}
    }
  },
  "🇮🇹": {
    "locations": {
      "state1096": {
        "name": "Sicily",
        "stores": {
          "R454": "Centro Sicilia"
        }
      },
      "state1098": {
        "name": "Lombardy",
        "stores": {
          "R365": "Carosello",
          "R418": "Oriocenter",
          "R441": "Fiordaliso",
          "R547": "il Leone",
          "R667": "Piazza Liberty"
        }
      },
      "state1106": {
        "name": "Emilia-Romagna",
        "stores": {
          "R427": "Via Rizzoli",
          "R564": "Le Befane"
        }
      },
      "state1107": {
        "name": "Campania",
        "stores": {
          "R453": "Campania"
        }
      },
      "state1108": {
        "name": "Tuscany",
        "stores": {
          "R449": "I Gigli",
          "R602": "Florence"
        }
      },
      "state1109": {
        "name": "Lazio",
        "stores": {
          "R038": "RomaEst",
          "R381": "Porta di Roma",
          "R382": "Via del Corso",
          "R562": "Euroma2"
        }
      },
      "state1110": {
        "name": "Piedmont",
        "stores": {
          "R278": "Le Gru",
          "R442": "Via Roma"
        }
      },
      "state652": {
        "name": "Venice",
        "stores": {
          "R625": "Nave de Vero"
        }
      }
    },
    "positions": {
      "managed": {
        "114438085": "it-business-expert",
        "114438086": "it-creative",
        "114438087": "it-expert",
        "114438088": "it-genius",
        "114438089": "it-operations-expert",
        "114438095": "it-specialist",
        "114438209": "it-technical-specialist",
        "200125410": "it-business-pro"
      },
      "standalone": {}
    }
  },
  "🇯🇵": {
    "locations": {
      "state671": {
        "name": "Tokyo-to",
        "stores": {
          "R079": "Ginza",
          "R119": "Shibuya",
          "R128": "Shinjuku",
          "R224": "Omotesando",
          "R718": "Marunouchi"
        }
      },
      "state672": {
        "name": "Kanagawa-ken",
        "stores": {
          "R710": "Kawasaki"
        }
      },
      "state681": {
        "name": "Aichi-ken",
        "stores": {
          "R005": "Nagoya Sakae"
        }
      },
      "state684": {
        "name": "Kyoto-fu",
        "stores": {
          "R711": "Kyoto"
        }
      },
      "state685": {
        "name": "Osaka-fu",
        "stores": {
          "R091": "Shinsaibashi",
          "R768": "Osaka-JP"
        }
      },
      "state698": {
        "name": "Fukuoka-ken",
        "stores": {
          "R048": "Fukuoka Tenjin"
        }
      }
    },
    "positions": {
      "managed": {
        "114438102": "jp-operations-expert",
        "114438107": "jp-specialist-full-time-or-part-time-permanent-or-temporary",
        "114438210": "jp-technical-specialist"
      },
      "standalone": {}
    }
  },
  "🇰🇷": {
    "locations": {
      "state1112": {
        "name": "Seoul-si",
        "stores": {
          "R691": "Gangnam",
          "R692": "Garosugil",
          "R738": "Myeongdong",
          "R747": "Yeouido",
          "R751": "Jamsil",
          "R764": "Hongdae"
        }
      },
      "state719": {
        "name": "Gyeonggi-do",
        "stores": {
          "R770": "Hanam"
        }
      }
    },
    "positions": {
      "managed": {
        "114438322": "kr-manager",
        "114438324": "kr-store-leader",
        "114438326": "kr-specialist-full-time-or-part-time-seasonal-role-also-available",
        "114438327": "kr-senior-manager"
      },
      "standalone": {}
    }
  },
  "🇲🇴": {
    "locations": {
      "state745": {
        "name": "Macao Region",
        "stores": {
          "R672": "Galaxy Macau",
          "R697": "Cotai Strip"
        }
      }
    },
    "positions": {
      "managed": {
        "114438273": "mo-business-expert",
        "114438274": "mo-creative",
        "114438275": "mo-expert",
        "114438276": "mo-genius",
        "114438277": "mo-operations-expert",
        "114438281": "mo-technical-specialist",
        "114438282": "mo-specialist-full-time-or-part-time-permanent-or-temporary",
        "200125420": "mo-business-pro"
      },
      "standalone": {}
    }
  },
  "🇲🇽": {
    "locations": {
      "state762": {
        "name": "Federal District",
        "stores": {
          "R708": "Via Sante Fe",
          "R740": "Antara"
        }
      }
    },
    "positions": {
      "managed": {
        "114438285": "mx-operations-expert",
        "114438287": "mx-technical-specialist",
        "114438290": "mx-expert",
        "114438291": "mx-genius",
        "114438292": "mx-business-expert",
        "114438295": "mx-creative",
        "114438297": "mx-specialist-full-time-part-time-and-part-time-temporary",
        "200125422": "mx-business-pro"
      },
      "standalone": {}
    }
  },
  "🇲🇾": {
    "locations": {
      "state1105": {
        "name": "Kuala Lumpur",
        "stores": {
          "R742": "The Exchange TRX"
        }
      }
    },
    "positions": {
      "managed": {
        "200449996": "my-creative",
        "200450000": "my-genius",
        "200450003": "my-specialist",
        "200450004": "my-expert",
        "200450008": "my-technical-specialist",
        "200450011": "my-business-expert",
        "200450016": "my-business-pro",
        "200450018": "my-operations-expert"
      },
      "standalone": {}
    }
  },
  "🇳🇱": {
    "locations": {
      "state805": {
        "name": "Holland",
        "stores": {
          "R408": "Amsterdam",
          "R539": "Haarlem",
          "R540": "Den Haag"
        }
      }
    },
    "positions": {
      "managed": {
        "114438109": "nl-business-expert",
        "114438110": "nl-creative",
        "114438111": "nl-expert",
        "114438112": "nl-genius",
        "114438113": "nl-operations-expert",
        "114438119": "nl-specialist-full-time-part-time-and-part-time-temporary",
        "114438211": "nl-technical-specialist",
        "200125427": "nl-business-pro"
      },
      "standalone": {}
    }
  },
  "🇸🇪": {
    "locations": {
      "state1099": {
        "name": "Stockholm",
        "stores": {
          "R505": "Taby Centrum",
          "R626": "Mall of Scandinavia"
        }
      },
      "state1100": {
        "name": "Skane",
        "stores": {
          "R503": "Emporia",
          "R593": "Väla Centrum"
        }
      }
    },
    "positions": {
      "managed": {
        "114438122": "se-business-expert",
        "114438123": "se-creative",
        "114438124": "se-expert",
        "114438125": "se-genius",
        "114438126": "se-operations-expert",
        "114438132": "se-specialist",
        "114438205": "se-technical-specialist",
        "200125435": "se-business-pro"
      },
      "standalone": {}
    }
  },
  "🇸🇬": {
    "locations": {
      "state909": {
        "name": "Singapore",
        "stores": {
          "R633": "Marina Bay Sands",
          "R669": "Orchard Road",
          "R736": "Jewel Changi Airport"
        }
      }
    },
    "positions": {
      "managed": {
        "114438238": "sg-specialist-full-time-or-part-time-permanent-or-temporary"
      },
      "standalone": {}
    }
  },
  "🇹🇭": {
    "locations": {
      "state928": {
        "name": "Bangkok",
        "stores": {
          "R728": "Iconsiam",
          "R733": "Central World"
        }
      }
    },
    "positions": {
      "managed": {
        "114438346": "th-specialist-full-time-or-part-time-permanent-or-temporary"
      },
      "standalone": {}
    }
  },
  "🇹🇷": {
    "locations": {
      "state940": {
        "name": "Turkiye Region",
        "stores": {
          "R583": "Zorlu Center",
          "R588": "Akasya",
          "R724": "Bagdat Caddesi"
        }
      }
    },
    "positions": {
      "managed": {
        "114438163": "tr-business-expert",
        "114438164": "tr-specialist",
        "114438165": "tr-expert",
        "114438166": "tr-genius",
        "114438167": "tr-creative",
        "114438168": "tr-operations-expert",
        "114438203": "tr-technical-specialist"
      },
      "standalone": {}
    }
  },
  "🇹🇼": {
    "locations": {
      "state943": {
        "name": "Taiwan",
        "stores": {
          "R694": "Xinyi A13",
          "R713": "Taipei 101"
        }
      }
    },
    "positions": {
      "managed": {
        "114438303": "tw-business-expert",
        "114438305": "tw-expert",
        "114438306": "tw-genius",
        "114438307": "tw-operations-expert",
        "114438311": "tw-specialist",
        "114438313": "tw-technical-specialist",
        "114438314": "tw-creative",
        "200125447": "tw-business-pro"
      },
      "standalone": {}
    }
  },
  "🇺🇸": {
    "locations": {
      "state1000": {
        "name": "Washington",
        "stores": {
          "R003": "Bellevue Square",
          "R072": "University Village",
          "R100": "Alderwood",
          "R106": "Southcenter",
          "R339": "Tacoma Mall",
          "R420": "River Park Square"
        }
      },
      "state1001": {
        "name": "Wisconsin",
        "stores": {
          "R059": "Mayfair",
          "R229": "Hilldale",
          "R257": "Bayshore"
        }
      },
      "state948": {
        "name": "Alaska",
        "stores": {
          "R262": "Anchorage 5th Avenue Mall"
        }
      },
      "state949": {
        "name": "Alabama",
        "stores": {
          "R225": "The Summit",
          "R266": "Bridge Street"
        }
      },
      "state950": {
        "name": "Arkansas",
        "stores": {
          "R286": "The Promenade at Chenal"
        }
      },
      "state952": {
        "name": "Arizona",
        "stores": {
          "R026": "Chandler Fashion Center",
          "R031": "Scottsdale Fashion Square",
          "R086": "La Encantada",
          "R247": "Arrowhead",
          "R267": "SanTan Village",
          "R292": "Scottsdale Quarter"
        }
      },
      "state953": {
        "name": "California",
        "stores": {
          "R001": "Glendale Galleria",
          "R002": "Palo Alto",
          "R004": "South Coast Plaza",
          "R014": "Walnut Creek",
          "R015": "Fashion Island",
          "R023": "Northridge",
          "R029": "Burlingame",
          "R033": "Stonestown",
          "R034": "Pasadena",
          "R039": "Valley Fair",
          "R040": "Fashion Valley",
          "R044": "Santa Rosa Plaza",
          "R050": "The Grove",
          "R051": "Third Street Promenade",
          "R052": "Infinite Loop",
          "R057": "Bay Street",
          "R069": "Mission Viejo",
          "R070": "Arden Fair",
          "R071": "Corte Madera",
          "R075": "Union Square",
          "R082": "UTC",
          "R094": "Victoria Gardens",
          "R099": "Stanford",
          "R101": "Stoneridge Mall",
          "R105": "Oakridge",
          "R108": "Century City",
          "R122": "Manhattan Village",
          "R124": "Beverly Center",
          "R146": "Irvine Spectrum Center",
          "R148": "Sherman Oaks",
          "R154": "The Oaks",
          "R156": "Brea Mall",
          "R189": "Topanga",
          "R199": "Higuera Street",
          "R213": "Otay Ranch",
          "R217": "Chestnut Street",
          "R231": "Hillsdale",
          "R236": "Fashion Fair",
          "R240": "Los Gatos",
          "R285": "North County",
          "R294": "Carlsbad",
          "R297": "El Paseo Village",
          "R298": "Roseville",
          "R300": "Los Cerritos",
          "R305": "Del Monte",
          "R317": "State Street",
          "R322": "Vintage Faire",
          "R345": "Promenade Temecula",
          "R414": "4th Street",
          "R451": "The Americana at Brand",
          "R462": "Valencia Town Center",
          "R550": "Valley Plaza",
          "R720": "Tower Theatre",
          "R777": "Del Amo",
          "R824": "Apple Park Visitor Center"
        }
      },
      "state954": {
        "name": "Colorado",
        "stores": {
          "R030": "Aspen Grove",
          "R047": "Cherry Creek",
          "R172": "Twenty Ninth Street",
          "R182": "FlatIron Crossing",
          "R228": "Park Meadows",
          "R338": "Promenade Shops at Briargate"
        }
      },
      "state955": {
        "name": "Connecticut",
        "stores": {
          "R025": "Westfarms",
          "R093": "Danbury Fair Mall",
          "R202": "Norwalk",
          "R282": "Greenwich Avenue",
          "R446": "New Haven",
          "R613": "Evergreen Walk",
          "R629": "Trumbull"
        }
      },
      "state956": {
        "name": "District of Columbia",
        "stores": {
          "R287": "Georgetown",
          "R516": "Carnegie Library"
        }
      },
      "state957": {
        "name": "Delaware",
        "stores": {
          "R102": "Christiana Mall"
        }
      },
      "state958": {
        "name": "Florida",
        "stores": {
          "R012": "The Falls",
          "R019": "International Plaza",
          "R024": "Wellington Green",
          "R053": "Millenia",
          "R074": "Boca Raton",
          "R087": "Aventura",
          "R111": "St. John's Town Center",
          "R115": "Lincoln Road",
          "R127": "The Gardens Mall",
          "R143": "Florida Mall",
          "R169": "Waterside Shops",
          "R185": "Coconut Point",
          "R214": "The Galleria",
          "R289": "Brandon",
          "R291": "Altamonte",
          "R312": "Dadeland",
          "R615": "University Town Center",
          "R623": "Brickell City Centre",
          "R752": "Miami-FL"
        }
      },
      "state959": {
        "name": "Georgia",
        "stores": {
          "R006": "Lenox Square",
          "R080": "Avalon",
          "R184": "Perimeter",
          "R259": "Mall of Georgia",
          "R364": "Augusta",
          "R591": "Cumberland Mall"
        }
      },
      "state961": {
        "name": "Hawaii",
        "stores": {
          "R073": "Ala Moana",
          "R198": "Royal Hawaiian",
          "R210": "Kahala"
        }
      },
      "state962": {
        "name": "Iowa",
        "stores": {
          "R109": "Jordan Creek"
        }
      },
      "state963": {
        "name": "Idaho",
        "stores": {
          "R303": "Boise Towne Square"
        }
      },
      "state964": {
        "name": "Illinois",
        "stores": {
          "R018": "Woodfield",
          "R035": "Michigan Avenue",
          "R056": "Oakbrook",
          "R089": "Old Orchard",
          "R141": "Northbrook",
          "R237": "Orland Square Mall",
          "R258": "Deer Park",
          "R284": "Lincoln Park",
          "R348": "Main Place"
        }
      },
      "state965": {
        "name": "Indiana",
        "stores": {
          "R066": "The Fashion Mall at Keystone",
          "R360": "University Park Mall"
        }
      },
      "state966": {
        "name": "Kansas",
        "stores": {
          "R283": "Leawood"
        }
      },
      "state967": {
        "name": "Kentucky",
        "stores": {
          "R264": "Oxmoor",
          "R288": "Fritz Farm"
        }
      },
      "state968": {
        "name": "Louisiana",
        "stores": {
          "R235": "Lakeside Shopping Center",
          "R263": "Mall of Louisiana"
        }
      },
      "state969": {
        "name": "Massachusetts",
        "stores": {
          "R011": "MarketStreet",
          "R021": "CambridgeSide",
          "R076": "Chestnut Hill",
          "R110": "South Shore",
          "R137": "Derby Street",
          "R149": "Boylston Street",
          "R155": "Burlington",
          "R191": "Holyoke",
          "R232": "Natick Collection",
          "R346": "Legacy Place",
          "R622": "Solomon Pond Mall"
        }
      },
      "state970": {
        "name": "Maryland",
        "stores": {
          "R063": "Towson Town Center",
          "R084": "Montgomery Mall",
          "R112": "Bethesda Row",
          "R142": "Annapolis",
          "R168": "Columbia"
        }
      },
      "state971": {
        "name": "Maine",
        "stores": {
          "R307": "Maine Mall"
        }
      },
      "state972": {
        "name": "Michigan",
        "stores": {
          "R041": "Twelve Oaks",
          "R055": "Somerset",
          "R132": "Woodland",
          "R218": "Partridge Creek",
          "R230": "Briarwood",
          "R616": "Eastwood Towne Center"
        }
      },
      "state973": {
        "name": "Minnesota",
        "stores": {
          "R007": "Mall of America",
          "R022": "Rosedale Center",
          "R054": "Southdale",
          "R183": "Ridgedale"
        }
      },
      "state974": {
        "name": "Missouri",
        "stores": {
          "R062": "West County",
          "R097": "Country Club Plaza",
          "R114": "Saint Louis Galleria"
        }
      },
      "state976": {
        "name": "Mississippi",
        "stores": {
          "R324": "Renaissance at Colony Park"
        }
      },
      "state978": {
        "name": "North Carolina",
        "stores": {
          "R049": "Southpoint",
          "R083": "Southpark",
          "R116": "Crabtree Valley Mall",
          "R293": "Friendly Center",
          "R796": "Birkdale Village"
        }
      },
      "state980": {
        "name": "Nebraska",
        "stores": {
          "R190": "Village Pointe"
        }
      },
      "state981": {
        "name": "New Hampshire",
        "stores": {
          "R027": "Rockingham Park",
          "R354": "Pheasant Lane",
          "R631": "The Mall of New Hampshire"
        }
      },
      "state982": {
        "name": "New Jersey",
        "stores": {
          "R013": "Tice's Corner",
          "R043": "Short Hills",
          "R067": "Menlo Park",
          "R088": "Sagemore",
          "R103": "Rockaway",
          "R104": "Bridgewater",
          "R117": "Garden State Plaza",
          "R138": "Freehold Raceway Mall",
          "R206": "Cherry Hill",
          "R325": "Willowbrook",
          "R549": "Quaker Bridge",
          "R755": "American Dream"
        }
      },
      "state983": {
        "name": "New Mexico",
        "stores": {
          "R177": "ABQ Uptown"
        }
      },
      "state984": {
        "name": "Nevada",
        "stores": {
          "R064": "Fashion Show",
          "R161": "The Forum Shops",
          "R186": "Shayden Summit",
          "R219": "Town Square",
          "R650": "Summerlin"
        }
      },
      "state985": {
        "name": "New York",
        "stores": {
          "R016": "Walden Galleria",
          "R017": "Crossgates",
          "R032": "SoHo",
          "R046": "Nanuet",
          "R060": "Roosevelt Field",
          "R061": "The Westchester",
          "R068": "Walt Whitman",
          "R095": "Fifth Avenue",
          "R107": "Syracuse",
          "R139": "Smith Haven",
          "R140": "Eastview",
          "R152": "Staten Island",
          "R250": "West 14th Street",
          "R251": "Upper West Side",
          "R261": "Ridge Hill",
          "R327": "Manhasset",
          "R415": "Grand Central",
          "R582": "Upper East Side",
          "R594": "Williamsburg",
          "R612": "Queens Center",
          "R654": "World Trade Center",
          "R715": "Downtown Brooklyn",
          "R753": "The Mall at Bay Plaza"
        }
      },
      "state986": {
        "name": "Ohio",
        "stores": {
          "R009": "Easton Town Center",
          "R028": "Kenwood Towne Centre",
          "R081": "Eton",
          "R192": "Crocker Park",
          "R299": "Franklin Park Mall",
          "R353": "Summit Mall",
          "R417": "Polaris Fashion Place",
          "R518": "The Greene"
        }
      },
      "state987": {
        "name": "Oklahoma",
        "stores": {
          "R130": "Penn Square",
          "R233": "Woodland Hills"
        }
      },
      "state988": {
        "name": "Oregon",
        "stores": {
          "R077": "Pioneer Place",
          "R090": "Washington Square",
          "R134": "Bridgeport Village"
        }
      },
      "state989": {
        "name": "Pennsylvania",
        "stores": {
          "R065": "King of Prussia",
          "R096": "Shadyside",
          "R147": "South Hills Village",
          "R162": "Walnut Street",
          "R166": "Suburban Square",
          "R234": "Willow Grove Park",
          "R281": "Lehigh Valley",
          "R304": "Park City",
          "R413": "Ross Park"
        }
      },
      "state991": {
        "name": "Rhode Island",
        "stores": {
          "R167": "Providence Place"
        }
      },
      "state992": {
        "name": "South Carolina",
        "stores": {
          "R318": "Charleston",
          "R355": "Haywood Mall"
        }
      },
      "state994": {
        "name": "Tennessee",
        "stores": {
          "R020": "Saddle Creek",
          "R123": "Green Hills",
          "R133": "Downtown Nashville",
          "R203": "West Town Mall",
          "R513": "CoolSprings Galleria"
        }
      },
      "state995": {
        "name": "Texas",
        "stores": {
          "R042": "Knox Street",
          "R058": "Houston Galleria",
          "R085": "Barton Creek",
          "R126": "The Woodlands",
          "R131": "La Cantera",
          "R144": "NorthPark Center",
          "R151": "Southlake Town Square",
          "R164": "Memorial City",
          "R204": "Baybrook",
          "R205": "First Colony Mall",
          "R216": "Domain Northside",
          "R290": "North Star",
          "R316": "University Park Village",
          "R321": "Willowbrook Mall",
          "R437": "Highland Village",
          "R492": "Cielo Vista Mall",
          "R746": "Galleria Dallas"
        }
      },
      "state996": {
        "name": "Utah",
        "stores": {
          "R125": "City Creek Center",
          "R461": "Fashion Place",
          "R599": "Station Park"
        }
      },
      "state997": {
        "name": "Virginia",
        "stores": {
          "R010": "Tysons Corner",
          "R036": "Clarendon",
          "R078": "Short Pump Town Center",
          "R129": "Pentagon City",
          "R221": "Fair Oaks",
          "R271": "Reston",
          "R598": "Potomac Town Center",
          "R614": "Lynnhaven Mall"
        }
      }
    },
    "positions": {
      "managed": {
        "114438149": "us-creative",
        "114438150": "us-expert",
        "114438151": "us-genius",
        "114438152": "us-operations-expert",
        "114438158": "us-specialist-full-time-part-time-and-part-time-temporary",
        "114438201": "us-technical-specialist",
        "200125453": "us-business-pro"
      },
      "standalone": {}
    }
  }
}